Message,Department,Location,Timestamp,Priority
Fire!!,ğŸ”¥ Fire Department (101),"28.6064, 77.1963",2025-07-29 13:47:23,Low
I was in a car crash and Iâ€™m hurt!,ğŸ¥ Ambulance (102),"28.5926, 77.1993",2025-07-29 13:48:09,Low
Help! My bike collided with a truck!,ğŸ†˜ General Emergency (112),"28.5958, 77.2089",2025-07-29 13:48:25,Low
"Help, Iâ€™m trapped after an accident in my car!",ğŸ†˜ General Emergency (112),"28.5951, 77.1907",2025-07-29 13:49:03,Medium
"Help, Iâ€™m trapped after an accident in my car!",ğŸš‘ Accident Control (102),"28.5951, 77.1907",2025-07-29 13:49:03,Medium
Earthquake! Iâ€™m stuck under rubble!,ğŸŒ Disaster Response - Earthquake Unit,"28.5988, 77.1985",2025-07-29 13:49:32,High
Earthquake! Iâ€™m stuck under rubble!,ğŸ†˜ Rescue,"28.5988, 77.1985",2025-07-29 13:49:32,High
fire,ğŸ”¥ Fire Department (101),"28.5976, 77.2095",2025-07-29 13:50:10,Low
"fire near me
",ğŸ”¥ Fire Department (101),"28.5983, 77.2069",2025-07-29 13:51:10,Low
I'm struck in a remote place,ğŸ†˜ Rescue,"28.5903, 77.2038",2025-07-29 13:53:42,Low
Fire,ğŸ”¥ Fire Department (101),"28.5966, 77.1929",2025-07-29 14:21:26,Low
help,ğŸ†˜ General Emergency (112),"28.6097, 77.2096",2025-07-29 14:21:39,Low
help,ğŸ†˜ General Emergency (112),"28.5985, 77.2052",2025-07-29 15:41:26,Low
help,ğŸŒŠ Coastal Emergency Services,"28.5985, 77.2052",2025-07-29 15:41:26,Low
"Accident
",ğŸš‘ Accident Control (102),"28.6076, 77.2068",2025-08-19 22:07:52,Low
fire fire I have met an accident,ğŸ”¥ Fire Department (101),"28.5960, 77.1968",2025-08-19 22:08:21,Medium
fire fire I have met an accident,ğŸš‘ Accident Control (102),"28.5960, 77.1968",2025-08-19 22:08:21,Medium
Emergency! Iâ€™ve met with an accident. Please send help immediately,âš ï¸ Emergency,"28.6084, 77.2037",2025-08-19 22:10:44,High
Emergency! Iâ€™ve met with an accident. Please send help immediately,ğŸ†˜ General Emergency (112),"28.6084, 77.2037",2025-08-19 22:10:44,High
Emergency! Iâ€™ve met with an accident. Please send help immediately,ğŸš‘ Accident Control (102),"28.6084, 77.2037",2025-08-19 22:10:44,High
fire fire I met an accident,ğŸ”¥ Fire Department (101),"28.6066, 77.2060",2025-08-19 22:11:18,Medium
fire fire I met an accident,ğŸš‘ Accident Control (102),"28.6066, 77.2060",2025-08-19 22:11:18,Medium
Fire emergency. Please send help immediately,ğŸ”¥ Fire Department (101),"28.5996, 77.2080",2025-08-21 11:23:14,High
Fire emergency. Please send help immediately,âš ï¸ Emergency,"28.5996, 77.2080",2025-08-21 11:23:14,High
Fire emergency. Please send help immediately,ğŸ†˜ General Emergency (112),"28.5996, 77.2080",2025-08-21 11:23:14,High
